X,Nombre,Calificacion,Precio,Peso,Potencia,Dimensiones,Pais
1,"        BISSELL 2998 MultiClean - Aspiradora para mascotas con sistema sellado de filtro HEPA, cápsula portátil de despegue, faros LED, herramientas especializadas para mascotas, fácil de vaciar, azul/negro ", 4.4 ,US$236.89,"1,5 kg",-1,"14""l. x 11""an. x 32""al. pulgadas",China
2,"        BISSELL Featherweight Stick - Aspiradora ligera sin bolsa con herramienta para grietas, 2033M, color negro       ", 4.3 ,US$33.98,"2,3 kg",2033 vatios,"8,3""l. x 9,5""an. x 44,1""al. pulgadas",China
3,"        Eureka PowerSpeed Aspiradora vertical sin bolsa, turbo, color negro       ", 4.4 ,US$89.99,800 g ,960 vatios,"13,4""l. x 14""an. x 44,5""al. pulgadas",Vietnam
4,"        BISSELL CleanView - Aspiradora vertical compacta Turbo con varilla de liberación rápida, potencia de tamaño completo, tamaño compacto para apartamentos y dormitorios, 3437", 4.3 ,US$79.99,187 g,700 vatios,"10""l. x 12""an. x 41""al. pulgadas",China
5,"        BLACK+DECKER POWERSERIES+ - Aspiradora inalámbrica de 16 V MAX con luces LED de suelo, ligera, multisuperficie, color blanco (BHFEA420J)     ", 4.3 ,US$89.39,"3,2 kg",700 vatios,"9,84""l. x 6,77""an. x 43,5""al. pulgadas",Vietnam
6,"        Tikom Robot aspiradora y trapeador, robot aspirador G8000, succión fuerte de 2700 Pa, autocarga, bueno para pelo de mascotas, suelos duros, color negro     ", 4.3 ,US$159.99,"4,1 kg",-1,"12,6""l. x 12,6""an. x 3""al. pulgadas",-1
7,"        VacLife Aspiradora inalámbrica de 25 Kpa, aspiradora 6 en 1 con fuerte succión para el hogar de mascotas, alfombras y suelos duros, máximo 45 minutos de funcionamiento, limpiador de vacunas inalámbrico con faros LED, negro (VL732", 4.8 ,US$99.98,600 g,-1,-1,-1
8,"        Eureka Potente aspiradora vertical sin bolsa para alfombras y suelo Airspeed ultraligera, con filtro de repuesto, color verde       ", 4.3 ,US$60.04,"1,6 kg",700 vatios,"11""l. x 11""an. x 41""al. pulgadas",China
9,"        Navegante de lujo Shark Lift-Away, en negro       ", 4.5 ,US$159.95,745 g,1200 vatios,"14,37""l. x 11,61""an. x 26,77""al. pulgadas",China
10,"        Shark Rocket Aspiradora liviana sin bolsa para limpieza de alfombras y suelos duros con guía giratoria y juego de limpieza para automóvil (HV301), color gris y naranja   ", 4.6 ,US$129.99,"3,6 kg",550 vatios,"10,5""l. x 9,8""an. x 46""al. pulgadas",China
11,"        Vactidy V9 - Aspiradora inalámbrica, aspiradora inalámbrica con motor sin escobillas de 250 W, tiempo de funcionamiento de 45 minutos, batería desmontable, aspiradora ligera 6 en 1 para suelos de madera dura, alfombra de pelo bajo, limpieza de pelo de mascotas ", 4.6 ,US$99.99,100 g,250 vatios,"17""l. x 8""an. x 10""al. pulgadas",China
12,"        ROPVACNIC Robot aspirador con succión ciclónica de 3000 Pa, aplicación/voz/control remoto, aspiradora robótica automática de carga automática, limpieza programada, ideal para pelo de mascotas, suelo duro, alfombra", 4.5 ,US$98.99,"4,4 kg",-1,"13""l. x 13""an. x 2,99""al. pulgadas",-1
13,"        Aspiradoras para el hogar, aspiradora inalámbrica con motor sin escobillas de alta velocidad de 80000 RPM, potentes baterías de litio de 2200 mAh, filtración de alta eficiencia en 5 etapas, aspiradora ", 4.8 ,US$129.99,"4,1 kg",-1,"4,5""l. x 9,25""an. x 13""al. pulgadas",-1
14,"        Lefant Robot aspirador, sin enredos, fuerte succión, delgado, bajo ruido, carga automática automática, control Wi-Fi/App/Alexa, ideal para pelo de mascotas, suelo duro y limpieza diaria, M210 ", 4.1 ,US$88.88,300 g,-1,"11""l. x 11""an. x 2,8""al. pulgadas",-1
15,"        HONITURE Aspiradora inalámbrica S15, 450 W, 38 Kpa, potente aspiradora de palo, hasta 60 minutos, pantalla táctil grande, aspiradoras para el hogar, 7 x 2800 mAh aspiradora inalámbrica para suelos de ", 4.5 ,US$199.99,"2,8 kg",450 vatios,"11""l. x 8""an. x 5""al. pulgadas",-1
16,        Aspiradora inalámbrica ME02     , 4.8 ,US$109.99,"2,8 kg",-1,"9""l. x 7""an. x 43""al. pulgadas",China
17,"        Bissell CleanView - Aspiradora de alcance giratorio para mascotas, con varita de liberación rápida, dirección giratoria y rebobinado automático del cable, 3197A (el color puede variar), color negr", 4.6 ,US$175.09,621 g,-1,"13""l. x 15""an. x 33""al. pulgadas",China
18,"        Homeika Aspiradora inalámbrica, potente aspiradora de succión de 20 Kpa con pantalla LED, aspiradora ligera 8 en 1 con batería desmontable de 30 minutos de tiempo de ejecución para alfombras y suelos duros, color azu", 4.0 ,US$84.97,"2,5 kg",-1,"17,32""l. x 12,99""an. x 7,48""al. pulgadas",China
19,"        DEVOAC Aspiradora inalámbrica N300, aspiradora ultraligera 6 en 1, batería de 2200 mAh de hasta 40 minutos de tiempo de funcionamiento, potente aspiradora de mano para suelos duros, alfombras, pelo de mascotas en el hogar   ", 4.3 ,US$89.99,3 kg,175 vatios,"11,2""l. x 7""an. x 11,7""al. pulgadas",China
20,        Dyson Aspiradora inalámbrica Cyclone V10 Animal     , 4.4 ,NA,"3,1 kg",-1,-1,-1
21,"        Eureka Limpiador de botes 3670M, aspiradora ligera y potente para alfombras y suelos duros, con 5 bolsas, amarillo       ", 4.4 ,US$74.67,"4,1 kg",1200 vatios,"11,8""l. x 10,6""an. x 20,6""al. pulgadas",China
22,        Eureka - Filtro para aspiradora 3 en 1       , 4.2 ,US$36.37,80 g,240 vatios,"9,8""l. x 5,6""an. x 44""al. pulgadas",China
23,"        BISSELL - CrossWave Cordless Max 2554A - Limpiador inalámbrico todo en uno, aspira, friega y seca, para suelos duros y alfombras , color negro y blanco perla con detalles azules eléctricos   ", 4.1 ,US$309.00,"3,7 kg",36 vatios,"10""l. x 10,25""an. x 45,5""al. pulgadas",-1
24,"        Kenmore Aspiradora ligera serie 600 con bolsa PowerMate, cepillo Pop-N-Go, 2 motores, filtro HEPA, varita telescópica de aluminio, cable retráctil y 4 herramientas de limpieza, color morado   ", 4.2 ,US$349.99,5 kg,600 vatios,"16,23""l. x 13,78""an. x 27,96""al. pulgadas",China
25,"        Besswin Aspiradora inalámbrica, potente aspiradora de palo con batería desmontable, filtración HEPE y cepillo inteligente de suelo, aspiradora ligera 6 en 1 inalámbrica para pelo de perro de piso de madera, S60", 4.5 ,US$299.99,2 kg,-1,"5""l. x 5""an. x 5""al. pulgadas",-1
26,        Bissell Zing - Aspiradora de depósito     , 4.3 ,US$67.76,"2,8 kg",1200 vatios,"15,6""l. x 11""an. x 9""al. pulgadas",China
27,"        Oreck Commercial xl2100rhs 8 Libra Commercial Aspiradora vertical, Azul     ", 4.3 ,US$151.66,"3,2 kg",-1,-1,-1
28,"        SOWTECH Aspiradora con cable, potente aspiradora de succión de 17 Kpa con cable de 23 pies, aspiradora ligera 6 en 1 para pelo de mascotas en suelos duros, color negro     ", 4.3 ,US$55.99,"3,2 kg",500 vatios,"5,12""l. x 3,94""an. x 42,5""al. pulgadas",China
29,"        WnkimTech Cordless Vacuum Cleaner, Powerful Lightweight Stick Vacuum with 2200 mAh Battery, 6-in-1 Rechargeable Vacuum Cleaners for Home, Up to 40 Mins Runtime, for Hard Floor Carpet Pet Hair-N10       ", 4.7 ,US$99.99,5 kg,-1,"11,02""l. x 7,08""an. x 17,32""al. pulgadas",-1
30,"        Shark HV322 Rocket Deluxe Pro - Aspiradora con cable con faros LED, taza de polvo XL, ligera, perfecta para recoger pelo de mascotas, se convierte en una aspiradora de mano, con accesorios para mascotas, burdeos/plata       ", 4.5 ,US$184.99,"1,8 kg",500 vatios,"13""l. x 10,25""an. x 47,5""al. pulgadas",China
31,"        Dirt Devil Endura Lite UD20121PC Aspiradora sin bolsa, pequeña, vertical, para alfombra y suelo duro, ligera, color rojo     ", 4.3 ,US$57.78,-1,150 vatios,"10""l. x 11""an. x 43""al. pulgadas",China
32,"        Shark NV352 Navigator Lift Away - Aspiradora vertical con amplia variedad de herramientas para tapicería y grietas, color lavanda     ", 4.5 ,US$177.94,"1,5 kg",1200 vatios,"15""l. x 11,4""an. x 45,5""al. pulgadas",-1
33,"        BISSELL 2999 MultiClean Aspiradora de alérgenos para mascotas con sistema sellado de filtro HEPA, potente rendimiento de limpieza, herramientas especializadas para mascotas, fácil vacío ", 4.5 ,US$195.68,"2,3 kg",-1,-1,China
34,"        WLUPEL Aspiradora inalámbrica, aspiradora de palo de 38 Kpa, aspiradora de mano de 450 W con pantalla táctil LED, tiempo de funcionamiento de 55 minutos para pelo de mascotas, alfombras y pisos de   ", 4.4 ,US$199.99,800 g ,400.00,"13""l. x 7""an. x 17""al. pulgadas",-1
35,"        PRETTYCARE Cordless Vacuum Cleaner, 6 in 1 Lightweight Stick Vacuum Self-Standing with Powerful Suction, 180° Bendable Wand Rechargeable Cordless Vacuum for Hardwood Floor Pet Hair (Blue)     ", 4.1 ,US$99.99,187 g,160 vatios,"40,6""l. x 8,2""an. x 9,9""al. pulgadas",China
36,"        OKP Life Robot aspirador K5, aspiradora robótica de carga automática, conectividad Wi-Fi, compatible con Alexa, color blanco   ", 4.3 ,US$138.88,"3,2 kg",-1,"5""l. x 5""an. x 3""al. pulgadas",-1
37,"        KOHES Aspiradora inalámbrica, potente succión de 20 Kpa, aspiradora ligera para el hogar, hasta 45 minutos de tiempo de funcionamiento, fuerte motor sin escobillas, aspiradora de mano silenciosa inalámbrica para el hogar, alfombra de piso duro, pelo de mascotas ", 2.0 ,US$79.99,"4,1 kg",-1,"17""l. x 12""an. x 7""al. pulgadas",-1
38,"        Tineco Floor ONE S3 - Limpiador inalámbrico para pisos de madera dura, aspiradora ligera en seco y húmedo para limpieza multisuperficie con sistema de control inteligente   ", 4.4 ,US$399.99,600 g,220 vatios,"11,3""l. x 10""an. x 43,3""al. pulgadas",China
39,"        FABULETTA Cordless Vacuum Cleaner, 250W/24Kpa Powerful Suction Up to 45 Min Runtime, 6 in 1 Lightweight Stick Vacuum Cleaner with Brushless Motor, Great for Pet Hair & Hard Floor, Led Display, Blue       ", 4.3 ,US$119.99,"1,6 kg",250 vatios,"17,1""l. x 10,1""an. x 7,2""al. pulgadas",China
40,"        PRETTYCARE Cordless Vacuum Cleaner, Lightweight Stick Vacuum Cleaner with LED Display, Self-Standing Vacuum Cleaner Stick for Hardwood Floor Carpet Car Pet Hair Cleaning, 6 in 1, Long Runtime, WP1       ", 4.1 ,US$89.99,745 g,-1,"9,9""l. x 8,2""an. x 40,6""al. pulgadas",-1
41,"        BISSELL 2254 CleanView - Aspiradora vertical giratoria sin bolsa para mascotas, rebobinado automático de cables, dirección giratoria, potente recogida de pelo de mascotas, herramientas especializadas para mascotas, tanque de suciedad de gran capacidad, verde azulado   ", 4.6 ,US$154.49,"3,6 kg",1800 vatios,"13""l. x 14""an. x 46""al. pulgadas",China
42,"        Dyson V8 Animal Extra aspiradora inalámbrica Negro, Plata/Púrpura   ", 4.4 ,NA,100 g,-1,"8,7""l. x 9,8""an. x 49,5""al. pulgadas",-1
43,"        BISSELL Borrador de pelo para mascotas, aspiradora Turbo Lift-Off, con rollo de cepillo autolimpiante, filtración HEPA, potente recogida de pelo de mascotas con herramienta de pivote TurboBrush y     ", 4.3 ,US$199.99,"4,4 kg",-1,"10,35""l. x 13,5""an. x 31,3""al. pulgadas",China
44,"        Belife Aspiradora inalámbrica, aspiradora de 2 baterías con un tiempo de funcionamiento máximo de 80 minutos, potente succión de 25 Kpa, pantalla LED, aspiradora de mano ligera para suelos duros, alfombras, autos, pelo de mascota", 4.1 ,US$179.99,"4,1 kg",380 vatios,"11""l. x 8""an. x 11""al. pulgadas",China
45,"        Dyson V12 Detect - Aspiradora inalámbrica delgada, amarillo/hierro     ", 4.6 ,US$538.99,300 g,150 vatios,"49,6""l. x 9,8""an. x 10,5""al. pulgadas",-1
46,"        Galón de 2.5 Armor All, 2 picos HP, aspiradora de utilidad en seco y mojado, AA255.     ", 4.5 ,US$61.99,"2,8 kg",120 vatios,"10,6""l. x 14,2""an. x 14,4""al. pulgadas",China
47,"        HONITURE Cordless Vacuum Cleaner 450W/38KPa Powerful Stick Vacuum Cleaner with LCD Touch Screen, 55Min Runtime Battery, 6 in 1 Lightweight Handheld Cordless Vacuum for Carpet Pet Hair Floors S12       ", 4.6 ,US$179.99,"2,8 kg",450 vatios,"17""l. x 12""an. x 7""al. pulgadas",-1
48,"        Intercleaner Aspiradora con cable, potente succión de 15 KPa con motor de 400 W, aspiradora ligera 12 en 1 sin bolsa con mano, ultra silenciosa, para alfombras de piso de madera dura, pelo de mascotas     ", 4.0 ,US$37.99,621 g,400 vatios,-1,China
49,"        Intercleaner Aspiradora con cable, potente succión de 15 KPa con motor de 400 W, aspiradora ligera 12 en 1 sin bolsa con mano, ultra silenciosa, para alfombras de piso de madera dura, pelo de mascotas     ", 4.0 ,US$37.99,"2,5 kg",400 vatios,-1,China
50,"        EUREKA EUREKA NEU182A POWERSPEED MEJOR LIMPIADOR DE VACÍO DE BRAZA, LITE, AZUL     ", 4.4 ,US$79.19,3 kg,960 vatios,"13""l. x 14""an. x 44""al. pulgadas",Vietnam
51,"        FABULETTA Aspiradora inalámbrica, potente succión de 29 Kpa de hasta 50 minutos de tiempo de funcionamiento, aspiradora ligera 8 en 1 con motor sin escobillas, ideal para pelo de mascotas y suelos   ", 4.4 ,US$159.99,"3,1 kg",400 vatios,"11,8""l. x 7,4""an. x 17,3""al. pulgadas",China
52,"        Shark - Aspiradora rotatoria Lift-Away TruePet, aspiradora vertical sin bolsa para alfombras y suelos duros, aspiradora de mano y sello antialérgico     ", 4.5 ,US$347.99,"4,1 kg",1150 vatios,"13,2""l. x 11,9""an. x 45""al. pulgadas",-1
53,"        Miele Compact C1 Pure Suction Powerline - Aspiradora de trineo, color loto blanco       ", 4.5 ,US$372.20,80 g,1200 vatios,"16,9""l. x 9,8""an. x 9,1""al. pulgadas",-1
54,"        BuTure Aspiradora inalámbrica, aspiradora de palo de 450 W 33 Kpa con motor sin escobillas, aspiradora antienredos para el hogar, ajusta automáticamente la succión, aspiradora inalámbrica para pelo de mascota/alfombra/suelo dur", 4.7 ,US$189.99,"3,7 kg",450 vatios,"50""l. x 10""an. x 8""al. pulgadas",-1
55,"        XCOOL Aspiradora de mano inalámbrica, 12000 PA aspiradora de coche de alta potencia, pequeña aspiradora portátil, 0.8 libras ultraligera, aspiradora de mano recargable versátil 4 en 1 para automóvil, hogar, limpieza de pelo de masco", 4.6 ,US$79.99,5 kg,80 vatios,"7,48""l. x 2,76""an. x 9,45""al. pulgadas",-1
56,"        Lefant Robot aspirador M210 Pro, succión sin enredos de 2200 Pa, delgada, silenciosa, autocargable Wi-Fi/APP con conexión remota, aspiradora robótica, funciona con Alexa, ideal para pelo de mascotas, suelos duros ", 4.4 ,US$209.99,2 kg,-1,"11""l. x 11""an. x 2,99""al. pulgadas",-1
57,        Hoover Serie T WindTunnel Rewind (Azul) especificado no se puede utilizar ya que entra en conflicto con el valor 'React QuickLift Deluxe sin bolsa aspiradora vertical UH73340PC       , 4.2 ,US$139.99,"2,8 kg",1200 vatios,"13""l. x 15""an. x 44""al. pulgadas",China
58,"        Eureka NEN110A Aspiradora ciclónica ligera sin bolsa, con cable para alfombras y suelos duros, color azul     ", 4.3 ,US$69.98,"3,2 kg",960 vatios,"14,17""l. x 12,2""an. x 9,65""al. pulgadas",China
59,        Dyson Aspiradora vertical extra Ball Animal 3       , 4.3 ,NA,"3,2 kg",500 vatios,"42""l. x 15,51""an. x 11,02""al. pulgadas",-1
60,"        ORFELD Aspiradora de palo con potente succión, aspiradora recargable de 40 minutos de tiempo de ejecución   ", 4.4 ,US$99.96,5 kg,-1,"9""l. x 7""an. x 43""al. pulgadas",China
61,"        BuTure Aspiradora inalámbrica, potente aspiradora de palo de 400 W 33 Kpa con batería desmontable de 55 minutos de funcionamiento, pantalla táctil y taza de polvo grande de 1.2 L, aspiradoras para piso de madera dura, alfombra de automóvil, mascot", 4.4 ,US$199.99,"1,8 kg",400 vatios,"17""l. x 10""an. x 7""al. pulgadas",China
62,"        Shark IX141 Aspiradora inalámbrica para mascotas con taza de polvo XL, faros LED, extraíble de mano, herramienta para grietas, tiempo de funcionamiento de 40 minutos, gris/iris   ", 4.4 ,US$199.99,"1,5 kg",181 vatios,"10,24""l. x 7,09""an. x 46,09""al. pulgadas",China
63,        Lift-Away rotador Shark profesional (nv501)       , 4.6 ,US$189.99,"2,3 kg",1200 vatios,"45,7""l. x 12,1""an. x 12,2""al. pulgadas",China
64,"        RubbermaidReveal Power Scrubber, cabezal de limpieza       ", 4.5 ,US$35.54,"1,5 kg",-1,"12,68""l. x 7""an. x 1,75""al. pulgadas",China
65,"        BISSELL CleanView Rewind - Aspiradora vertical sin bolsa con rebobinado automático de cable y varita activa, 3534, negro/verde azulado/gris     ", 4.5 ,US$109.99,"2,3 kg",-1,"14,25""l. x 15""an. x 44""al. pulgadas",Vietnam
66,"        Hoover WindTunnel Cord Rewind Pro - Aspiradora vertical sin bolsa, para alfombras y suelos duros, UH71300V, color negro       ", 4.2 ,US$129.99,426 g ,-1,"15""l. x 12""an. x 35""al. pulgadas",Vietnam
67,"        Aspiradora Pro 5 Oreck Comercial. Súper compacta, aspiradora con depósito., Gris, 1   ", 4.4 ,US$107.99,1039 g ,480 vatios,"13,5""l. x 5,25""an. x 8""al. pulgadas",China
68,"        Robot aspirador y trapeador combinado, 4000 pa automático con tanque de agua y cubo de basura, robot de aspiradora inteligente de carga automática compatible con aplicación, perfecto para pelo de mascotas, suelos duros y alfombras ", 3.0 ,US$130.57,"3,2 kg",-1,"12,8""l. x 12,8""an. x 3,15""al. pulgadas",China
69,"        Nicebay Cordless Vacuum Cleaner, 25Kpa Super Suction 280W High-Speed Brushless Motor Cordless Stick Vacuum, Detachable Battery Up to 50min Runtime Vacuum Cleaner for Home Hardwood Floor Carpet Pet       ", 4.3 ,US$159.99,"4,1 kg",280 vatios,"9,84""l. x 6,69""an. x 44,49""al. pulgadas",-1
70,"        Dirt Devil Vibe - Aspiradora 3 en 1, ligera, sin bolsa, con cable, manual, SD20020, color rojo       ", 3.9 ,US$49.98,601 g,240 vatios,"5""l. x 10""an. x 41""al. pulgadas",China
71,"        EICOBOT Aspiradora inalámbrica, aspiradora de varilla de alta eficiencia, aspiradora ligera 6 en 1 con largo tiempo de funcionamiento, batería desmontable, para pelo de mascotas de piso de madera dura, Cyon, A10-L   ", 3.6 ,US$63.98,"1,6 kg",-1,"12,99""l. x 9,25""an. x 4,52""al. pulgadas",-1
72,"        ORFELD - Aspiradora inalámbrica, 18000 pa con mango, 4 en 1, hasta 50 minutos de autonomía, motor digital dual para limpieza profunda de toda la casa   ", 4.3 ,US$119.97,746 g,200 vatios,"9,05""l. x 4,7""an. x 43""al. pulgadas",-1
73,"        Amazon Basics Aspirador inalámbrico con motor sin escobillas 0.4L, color blanco     ", 4.3 ,US$126.49,"3,6 kg",-1,"9,8 x 8,5 x 47,6 pulgadas",China
74,"        Shark LA322 Navigator ADV - Aspiradora con cable con cepillo eléctrico para mascotas, herramienta de tapicería, vertical elevable, color negro   ", 4.5 ,US$179.99,-1,960 vatios,"10""l. x 12""an. x 46,5""al. pulgadas",EE. U
75,"        Tryseek Aspiradora inalámbrica, potente aspiradora 6 en 1 de 26 kPa, batería recargable de máximo 45 minutos de funcionamiento, aspiradora ligera y silenciosa para suelos de madera dura, pelo de mascotas, color blanco ", 4.7 ,US$99.99,-1,-1,"10,31""l. x 8,64""an. x 43,38""al. pulgadas",-1
76,"        OIIWNS Aspiradora inalámbrica, potente aspiradora de succión de 25 Kpa, batería desmontable de 40 minutos de tiempo de funcionamiento, 3 modos de alimentación y pantalla LED, aspiradora ligera 6 en 1 para suelos de madera dura, alfombras y pelo de mascota", 4.9 ,US$89.99,-1,250 vatios,"17""l. x 10,02""an. x 7,8""al. pulgadas",-1
77,"        WLUPEL Aspiradora inalámbrica, 450 W, 33000 pa, aspiradora de mano con estación de acoplamiento de modo automático, 55 minutos de tiempo de funcionamiento para alfombras, suelos duros y pelo de mascotas ", 4.3 ,US$159.99,-1,450 vatios,"2""l. x 2""an. x 2""al. pulgadas",China
78,"        Roanow Aspiradora inalámbrica, aspiradora inalámbrica de 450 W/35 KPA con pantalla LED, tiempo de funcionamiento de 55 minutos, aspiradora inalámbrica ligera y ultra silenciosa para alfombras y pisos, hogar, limpieza de pelo de mascotas ", 4.5 ,US$149.99,-1,450 vatios,"16,9""l. x 11,4""an. x 7,48""al. pulgadas",-1
79,        ProTeam ProVac FS 6 mochila aspiradora comercial con kit de herramientas       , 4.4 ,US$514.00,-1,-1,-1,-1
80,"        Ovente - Aspirador ciclónico sin bolsa con filtro HEPA, viene con cepillo para mascotas/sofá, pared telescópica, cepillo de cerdas combinadas/boquilla de ranura y cable retráctil, pluma, con cable – Serie S", 4.1 ,US$72.68,-1,1200,"11""l. x 11,5""an. x 10""al. pulgadas",China
81,"        Koblenz WD-2L Aspiradora portátil en seco y húmedo, 2.0 galones/2.0HP compacta ligera, azul+negro   ", 4.2 ,US$37.98,-1,-1,"11,52""l. x 11,45""an. x 10""al. pulgadas",Méxi
82,"        Tikom G8000 Pro Robot Aspiradora y Trapeador Combo, Succión de 4500Pa, 150 minutos máximo, Aspiradora robótica con carga automática, silenciosa, control de aplicación y voz, ideal para alfombras, suelos duros, color ne", 4.2 ,US$169.99,-1,-1,"12,6""l. x 12,6""an. x 3""al. pulgadas",-1
83,"        Dyson V11 - Aspiradora inalámbrica de palo, grande, níquel/azul   ", 4.5 ,US$426.99,-1,350 vatios,"10,3""l. x 9,8""an. x 49,6""al. pulgadas",-1
84,"        Hoover MAXLife Elite - Aspiradora giratoria XL para mascotas con filtración de medios HEPA, vertical multisuperficie sin bolsa para alfombras y suelos duros, UH75250, gris, 16 libras     ", 4.0 ,US$129.99,-1,1200 vatios,"13,3""l. x 13,4""an. x 44,8""al. pulgadas",China
85,        Dyson Aspiradora con recipiente de bola grande para varios tipos de pisos       , 4.4 ,US$329.99,-1,250 vatios,"15,7""l. x 12,1""an. x 13,7""al. pulgadas",-1
86,"        OKP Life Aspiradora robótica WiFi/App/Alexa, autocarga, sistema de filtración eficiente, diseño delgado, silencioso, perfecto para suelos duros, pelo de mascotas, alfombras robot aspirador con horario ", 5.0 ,US$129.99,-1,-1,"11,02""l. x 11,02""an. x 3,03""al. pulgadas",China
87,"        BISSELL® Featherweight™ PowerBrush Aspiradora, 2773A Gris ", 4.2 ,US$49.56,-1,600 vatios,"7,8""l. x 4,5""an. x 42""al. pulgadas",China
88,"        TC-JUNESUN - Aspiradora vertical con cable, aspiradora de barra, ligera y sin bolsa, para el hogar, suelos duros, pelo de mascotas (gris-azul)       ", 4.1 ,US$35.99,-1,400.00,"15""l. x 5""an. x 8""al. pulgadas",China
89,"        Laresar Aspiradora inalámbrica, aspiradora de palo de 400 W/33 Kpa con pantalla táctil y faros LED, hasta 50 minutos, Hepa de 5 capas, 1.5 litros, rollo de cepillo 2 en 1, adecuado para suelos y alfombras (Elite 3)   ", 4.5 ,US$189.99,-1,400 vatios,"48""l. x 10""an. x 8""al. pulgadas",-1
90,"        Miele Classic C1 Pure Suction - Aspiradora de trineo, color gris grafito       ", 4.5 ,NA,-1,1200 vatios,"18,2""l. x 11""an. x 8,7""al. pulgadas",-1
91,"        LG CordZero A916BM - Aspiradora inalámbrica ligera con potente succión para suelos duros, alfombras y muebles, 2 baterías para hasta 100 minutos de tiempo de funcionamiento, 10 años de garantía del mo", 4.2 ,NA,-1,60 vatios,"10,4""l. x 10,2""an. x 44,1""al. pulgadas",Vietnam
92,"        BISSELL CleanView - Aspiradora giratoria Pet Reach de tamaño completo, con varita de liberación rápida y dirección giratoria, 3198A, el color puede varia", 4.6 ,US$139.04,-1,1000 vatios,"14""l. x 13""an. x 46""al. pulgadas",China
93,"        Bittor Aspiradora de mano, recargable inalámbrica de alta potencia de 120 W, húmeda y seca, adecuada para el hogar, automóvil, oficina, con tres filtros y tres boquillas diferentes ", 3.8 ,US$24.99,-1,-1,"13,98""l. x 4,13""an. x 4,92""al. pulgadas",-1
94,"        Aspiradora inalámbrica, aspiradora de palo 6 en 1 con 4 filtros, batería de 8 celdas y 40 minutos de tiempo de funcionamiento, taza de polvo de 1.3L y cabezal de cepillo de piso LED para piso de madera dura, limpieza profunda T150   ", 3.9 ,US$71.96,-1,150 vatios,"9,5""l. x 9,5""an. x 44""al. pulgadas",-1
95,"        PeroBuno Aspirador de coche de alta potencia, 18 KPa potente, 35 minutos de tiempo de funcionamiento, plumero de aire con motor sin escobillas con 3 engranajes, aire eléctrico enlatado, mini aspiradora de mano - Aire comprimido - Limpiador de teclado     ", 4.3 ,US$69.99,-1,180 vatios,"8,46""l. x 2,75""an. x 7,87""al. pulgadas",China
96,"        Shark NV151 Navigator Pro - Aspiradora vertical completa con filtración HEPA, dirección giratoria, cepillo eléctrico, herramienta para hendiduras y herramienta de tapicería, para limpieza de pelo de mascotas y multisuperficie, color azul marino, 0.87 cuartos de gal", 4.5 ,US$169.99,-1,-1,"12 x 9,06 x 45,47 pulgadas",China
97,"        TEDATATA Household Bed Vacuum Cleaner, 9KPa 50W High Power Handheld UV Vacuum Cleaner, Low Noise, with Two Filters, for Dust and Pet Hair (White)       ",NA,US$45.90,-1,-1,"9,5""l. x 7,5""an. x 4,5""al. pulgadas",China
98,"        TEDATATA Bed Vacuum Cleaner, 50W High Power Deep Clean, 9KPa Wireless Handheld UV Mattress Vacuum Cleaner, for Pillows, Sheets, Mattresses, Sofa, with Two Filters       ",NA,US$45.90,-1,-1,"9,8""l. x 7,9""an. x 4,7""al. pulgadas",China
99,"        DEVOAC Cordless Vacuum Cleaner, Ultra-Light Quiet Stick Vacuum, 6 in 1 Rechargeable Vacuum Cordless，Handheld Vacuum for Hard Floor Carpet Pet Hair，365W Motor 27KPa Powerful Suctio",NA,US$89.99,-1,365 vatios,"16,14""l. x 12,6""an. x 5,51""al. pulgadas",China
100,"        SAMSUNG Jet 60 Flex VS15A6031R7 - Aspiradora inalámbrica ligera, portátil con batería extraíble, potente limpieza del hogar para suelos de madera, azulejos, alfombras, alfombras de área, color oro r", 4.2 ,US$226.00,-1,40 vatios,"8""l. x 9,8""an. x 44,1""al. pulgadas",-1
101,"        Kenmore BU4020 Intuition - Limpiador vertical de alfombras con aspirador vertical en bolsa con 2 motores de succión con filtro HEPA, Pet Handi-Mate, herramienta combinada 3 en 1, rojo     ", 4.5 ,US$169.99,-1,-1,"12""prof. x 13""an. x 34""al. pulgadas",China
102,"        Brocvas Aspiradora de palo, aspiradora 3 en 1, aspiradora ligera con cable con cable, potente aspiradora de succión pequeña portátil con filtros HEPA, para sofá, cortinas, suelo duro, pelo de mascota", 3.9 ,US$29.99,-1,-1,"17,3""l. x 5,7""an. x 5,5""al. pulgadas",-1
103,"        Kenmore DU1275 Aspiradora vertical sin bolsa, limpiador de alfombras ligero con 4 ajustes de altura, cepillo eliminador de pelo, Pet HandiMate y 2 herramientas de limpieza, verde claro       ", 4.1 ,US$139.99,-1,750 vatios,"11""l. x 10""an. x 34""al. pulgadas",China
104,"        TEDATATA Household Mattress Vacuum Cleaner, 50W High Power Deep Clean, 9KPa Wireless Handheld UV Mattress Vacuum Cleaner, Low Noise, with Two Filters, for Dust and Pet Hair       ",NA,US$45.90,-1,-1,"9,5""l. x 7,5""an. x 4,5""al. pulgadas",China
105,"        Dyson Aspiradora inalámbrica V11 Animal, color morado     ", 4.5 ,US$497.00,-1,120 vatios,"49,65""l. x 9,84""an. x 10,28""al. pulgadas",-1
106,"        SAKOLD Aspiradora de mano mini portátil recargable para coche, sin cable, con 8000 PA, potente succión para el hogar, la oficina y el coche   ", 4.9 ,US$169.99,-1,-1,"13,8""l. x 4""an. x 5,5""al. pulgadas",-1
107,"        EICOBOT Aspiradora inalámbrica, potente aspiradora inalámbrica 6 en 1 de 20 KPa, 30 minutos de tiempo de funcionamiento, ultra silenciosa y ligera para limpieza de automóviles, suelos de madera dura, color índig", 3.7 ,US$69.99,-1,-1,"12,99""l. x 9,25""an. x 4,52""al. pulgadas",-1
108,"        BISSELL PowerGlide Pet Slim - Aspiradora con cable, 3070, color negro, verde       ", 4.2 ,US$179.99,-1,-1,"8,38""l. x 11,3""an. x 30,11""al. pulgadas",China
109,"        BISSELL PowerGlide Pet Slim - Aspiradora inalámbrica delgada, tiempo de funcionamiento de 30 minutos, rollo de cepillo sin enredos, faros LED, tanque XL, filtración multinivel, herramienta 3 en 1 para pelo de mascotas, 3080   ", 4.1 ,US$247.19,-1,700 vatios,"10,5""l. x 9,5""an. x 47""al. pulgadas",China
110,"        Naisian Aspiradora inalámbrica para automóvil sin cable, mini aspiradora inalámbrica recargable portátil con acero inoxidable y filtros dobles HEPA (negro",NA,US$59.99,-1,-1,"2,3""l. x 2,3""an. x 10,6""al. pulgadas",China
111,"        HONITURE Aspiradora inalámbrica, 450 W 35 Kpa, aspiradora inalámbrica con pantalla táctil inteligente LCD, máximo 50 minutos, 7 capas Hepa, aspiradora de mano ligera 6 en 1 para suelos de madera, alfombras, escaleras, pelo de mascota", 4.6 ,US$199.99,-1,450 vatios,"15""l. x 13""an. x 7""al. pulgadas",-1
112,"        Aspiron Aspiradora de palo, aspiradora pequeña con potente succión de 20 kPa y taza de polvo de 0.88 cuartos de galón y cable de alimentación de 16 pies, aspiradora ligera de mano 5 en 1 sin bolsa, alfombra y piso para mascota", 3.9 ,US$45.99,-1,600 vatios,"8""l. x 6""an. x 41""al. pulgadas",China
113,        Aspiradora Hoover Windtunnel 2 Whole House Rewind modelo UH71250 sin bolsa vertical       , 4.2 ,US$169.00,-1,1200 vatios,"13""l. x 13,5""an. x 44,5""al. pulgadas",China
114,"        FABULETTA Aspiradora inalámbrica de 24 Kpa – Aspiradora ligera 6 en 1 con potente succión de 250 W, motor sin escobillas, para pelo de mascotas, alfombra de suelo duro, máximo 45 minutos de funcionamiento, pantalla LED, a", 3.7 ,US$130.00,-1,250 vatios,"17,1""l. x 10,1""an. x 7,2""al. pulgadas",China
115,"        HONITURE Aspiradora inalámbrica, 450 W 35 Kpa, aspiradora inalámbrica con pantalla táctil inteligente LCD, máximo 50 minutos, 7 capas Hepa, aspiradora de mano ligera 6 en 1 para suelos de madera, alfombras, escaleras, pelo de mascota", 4.6 ,US$199.99,-1,450 vatios,"15""l. x 13""an. x 7""al. pulgadas",-1
116,"        Lubluelu Robot aspirador con trapeador de 3000 Pa, robot aspirador 2 en 1, navegación Lidar, 5 mapeos en tiempo real, 10 zonas prohibidas, WiFi/App/Alexa, aspiradora robótica láser para pelo de mascotas, alfombra, suelo duro ", 4.1 ,US$179.99,-1,-1,"12,8""l. x 12,8""an. x 3,62""al. pulgadas",China
117,"        Roanow Aspiradora inalámbrica, aspiradora inalámbrica de 450 W/35 KPA con pantalla LED, tiempo de funcionamiento de 55 minutos, aspiradora inalámbrica ligera y ultra silenciosa para alfombras y pisos, hogar, limpieza de pelo de mascotas ", 4.5 ,US$149.99,"3,7 kg",450 vatios,"16,9""l. x 11,4""an. x 7,48""al. pulgadas",-1
118,"        Lefant Robot aspirador con potente succión de 2200 Pa, sin enredos, Wi-Fi/App/Alexa, 6 modos de limpieza destacados, aspiradora robótica delgada de carga automática, ideal para pelo de mascotas, suelo duro M210 Pro ", 4.1 ,US$129.99,5 kg,-1,"11,02""l. x 11,02""an. x 2,95""al. pulgadas",China
119,NA,NA,NA,2 kg,-1,-1,-1
120,"        Aspiradoras para el hogar, aspiradora inalámbrica con motor sin escobillas de alta velocidad de 80000 RPM, potentes baterías de litio de 2600 mAh, filtración de alta eficiencia en 5 etapas, hasta 40 minutos de tiempo de ejecució", 3.8 ,US$99.99,"2,8 kg",250 vatios,"4,5""l. x 9,25""an. x 13""al. pulgadas",-1
121,"        BuTure Cordless Vacuum Cleaner, 38Kpa Stick Vacuum with Charging Dock Brushless Motor 450W, Vacuum Cleaner for Home Automatically Adjust Suction, Wireless Vacuum for Pet Hair/Carpet/Hard Floor       ", 4.4 ,US$199.99,"3,2 kg",450 Watt-hours,"50""l. x 10""an. x 8""al. pulgadas",-1
122,"        Oraimo Vacuum Cleaner for Home, Self-Standing Cordless Vacuum, 6-in-1 Stick Vacuum with Rechargeable Battery, 35min Max, Lightweight Handheld Vacuum Cordless for Pet Hair Hard Floor Carpet Stair       ", 4.1 ,US$129.99,"3,2 kg",160 vatios,"17,52""l. x 10,63""an. x 7,68""al. pulgadas",-1
123,NA,NA,NA,5 kg,-1,-1,-1
124,"        HOTAWELI Aspiradora inalámbrica, potente aspiradora de succión 6 en 1 con batería de 2200 mAh, aspiradora ligera de pie, 45 minutos de tiempo de funcionamiento, inalámbrica para suelos duros, alfombras y pelo de mascota", 4.7 ,US$139.99,"1,8 kg",180 vatios,"17""l. x 12""an. x 8""al. pulgadas",-1
125,        MOYSOUL Aspiradora inalámbrica: aspiradora de palo 9 en 1 con potente succión de 30000 pa y motor sin escobillas de 600 W para alfombras y suelos de pelo de mascotas.   , 4.1 ,US$199.99,"1,5 kg",600 vatios,"22,9""l. x 9,6""an. x 4,6""al. pulgadas",-1
126,"        Shark Aspiradora de mano inalámbrica UltraCyclone Pet Pro Plus, con vaso de polvo XL, color negro     ", 4.4 ,US$98.74,"2,3 kg",80 vatios,"20,8""l. x 3,8""an. x 4,3""al. pulgadas",China
127,"        POWEART Cordless Vacuum Cleaner, 6-in-1 Multifunction Cordless Stick Vacuum, 2200mAh Stick Vacuum Cordless Rechargeable Lightweight Vacuum Cleaner, Blue       ", 5.0 ,US$99.98,"1,5 kg",-1,"12,6""l. x 8,7""an. x 46,5""al. pulgadas",-1
128,"        Tvwio Aspiradora inalámbrica con súper succión, motor sin escobillas de alta velocidad de 80000 RPM, hasta 35 minutos de tiempo de funcionamiento, aspiradora ligera para suelos de madera dura del ", 4.0 ,US$189.89,"2,3 kg",180 vatios,"13""l. x 4,5""an. x 9,25""al. pulgadas",-1
129,"        beyond by BLACK+DECKER - Aspiradora inalámbrica de mano, sin cable, azul hielo, mini aspiradora (número de modelo: HNVC215B12AEV)   ", 4.3 ,US$24.99,426 g ,-1,-1,-1
130,"        Fykee Aspiradora, aspiradora inalámbrica con motor sin escobillas de 80,000 PRM y taza de polvo de 1.2 L, aspiradora inalámbrica con gran batería desmontable de hasta 35 minutos de tiempo de ", 4.3 ,US$129.99,1039 g ,-1,-1,-1
131,"        Kenmore DU2015 Limpiador de alfombras ligero sin bolsa con manguera de 10 pies, filtro HEPA, 4 herramientas de limpieza para pelo de mascotas, suelo de madera dura, rojo       ", 4.4 ,US$159.99,"3,2 kg",1200 vatios,"15""l. x 14""an. x 30""al. pulgadas",China
132,"        Kenmore - Aspiradora 81614, apta para mascotas y ligera con PowerMate       ", 4.3 ,US$219.00,"4,1 kg",120 vatios,"25,9""l. x 16,2""an. x 13,6""al. pulgadas",China
133,NA,NA,NA,601 g,-1,-1,-1
134,NA,NA,NA,"1,6 kg",-1,-1,-1
135,"        VINBYEE Aspiradora de mano inalámbrica de 16000 pa, mini aspiradora con luz LED y SOS, aspiradora de coche de succión fuerte, aspiradora de mano portátil para automóvil, hogar y oficin", 4.8 ,US$89.99,746 g,500 milliamp_hours,"2,76""l. x 2,76""an. x 11,3""al. pulgadas",China
136,        Prolux Tritan aspiradora HEPA con caño para pisos sólidos con poderoso motor de 12 Amp   , 4.2 ,US$199.99,"3,6 kg",1440.00,"19""l. x 12""an. x 10""al. pulgadas",China
137,NA,NA,NA,-1,-1,-1,-1
138,NA,NA,NA,-1,-1,-1,-1
139,NA,NA,NA,-1,-1,-1,-1
140,NA,NA,NA,-1,-1,-1,-1
141,NA,NA,NA,-1,-1,-1,-1
142,NA,NA,NA,-1,-1,-1,-1
143,"        EUREKA Limpiador inalámbrico para el hogar, RapidClean Ultra 20kpa potente succión con pantalla LED, aspiradora ligera con batería desmontable para suelos duros y pelo de mascotas, tiempo de ", 4.1 ,US$152.99,-1,300 vatios,"11,9""l. x 4,33""an. x 8,58""al. pulgadas",China
144,"        Fykee Vacuum Cleaner, Cordless Vacuum Cleaner with 80,000 PRM Brushless Motor, Lightweight Detachable Vacuum Cleaners for Home with 2200 mAh Battery and 2 Modes up to 35 Mins Runtime (White) Comes       ", 4.0 ,US$99.99,-1,-1,"16,9""l. x 10""an. x 6,3""al. pulgadas",-1
145,NA,NA,NA,-1,-1,-1,-1
146,NA,NA,NA,-1,-1,-1,-1
147,NA,NA,NA,-1,-1,-1,-1
148,"        Shark ZU102 Rotator Pet Aspiradora vertical con PowerFins HairPro y tecnología neutralizadora de olores, carbón, 2.9 L antipolvo   ", 4.5 ,US$199.99,-1,1150 vatios,"14,92""l. x 12,05""an. x 45,2""al. pulgadas",China
149,NA,NA,NA,-1,-1,-1,-1
150,NA,NA,NA,-1,-1,-1,-1
151,"        Robot Vacuum and Mop Combo, WiFi/App/Alexa, Robotic Vacuum Cleaner with Schedule, 2 in 1 Mopping Robot Vacuum with Watertank and Dustbin, Self-Charging, Slim, Ideal for Hard Floor, Pet Hair, Carpet       ", 4.2 ,US$160.90,-1,-1,"11,8""l. x 11,8""an. x 2,87""al. pulgadas",-1
152,NA,NA,NA,-1,-1,-1,-1
153,NA,NA,NA,-1,-1,-1,-1
154,NA,NA,NA,-1,-1,-1,-1
155,NA,NA,NA,-1,-1,-1,-1
156,NA,NA,NA,-1,-1,-1,-1
157,NA,NA,NA,-1,-1,-1,-1
158,NA,NA,NA,-1,-1,-1,-1
159,NA,NA,NA,-1,-1,-1,-1
160,NA,NA,NA,-1,-1,-1,-1
